Date,Studio,User Name,Computer Name,Issue,Status,Value,Revit Version,Full Path
6/9/2019 1:16:41 AM,Digital,Dan Tartaglia,COL-L19-796LTN2,Opened Central File?,Red,Yes,Autodesk Revit 2019,C:\Users\dtartaglia\Documents\Dans-stuff\Conferences\Digital Built Week\2019\Revit API Events\Class Files\ExampleRVT.rvt
6/9/2019 1:28:59 AM,Digital,Dan Tartaglia,COL-L19-796LTN2,Wi-Fi Enabled?,Red,Yes,Autodesk Revit 2019,C:\Users\dtartaglia\Documents\Dans-stuff\Conferences\Digital Built Week\2019\Revit API Events\Class Files\ExampleRVT.rvt
6/13/2019 11:52:07 AM,Digital,Dan Tartaglia,COL-L19-796LTN2,Wi-Fi Enabled?,Red,Yes,Autodesk Revit 2019,C:\Users\dtartaglia\Documents\Dans-stuff\Conferences\Digital Built Week\2019\Revit API Events\Class Files\ExampleRVT.rvt
6/13/2019 11:52:47 AM,Digital,Dan Tartaglia,COL-L19-796LTN2,Wi-Fi Enabled?,Red,Yes,Autodesk Revit 2019,C:\Users\dtartaglia\Documents\Dans-stuff\Conferences\Digital Built Week\2019\Revit API Events\Class Files\ExampleRVT.rvt
6/13/2019 11:52:47 AM,Digital,Dan Tartaglia,COL-L19-796LTN2,Opened Central File?,Red,Yes,Autodesk Revit 2019,C:\Users\dtartaglia\Documents\Dans-stuff\Conferences\Digital Built Week\2019\Revit API Events\Class Files\ExampleRVT.rvt
6/13/2019 12:00:16 PM,Digital,Dan Tartaglia,COL-L19-796LTN2,Wi-Fi Enabled?,Red,Yes,Autodesk Revit 2019,C:\Users\dtartaglia\Documents\Dans-stuff\Conferences\Digital Built Week\2019\Revit API Events\Class Files\ExampleRVT.rvt
6/13/2019 12:00:16 PM,Digital,Dan Tartaglia,COL-L19-796LTN2,Opened Central File?,Red,Yes,Autodesk Revit 2019,C:\Users\dtartaglia\Documents\Dans-stuff\Conferences\Digital Built Week\2019\Revit API Events\Class Files\ExampleRVT.rvt
6/13/2019 12:02:59 PM,Digital,Dan Tartaglia,COL-L19-796LTN2,Wi-Fi Enabled?,Red,Yes,Autodesk Revit 2019,C:\Users\dtartaglia\Documents\Dans-stuff\Conferences\Digital Built Week\2019\Revit API Events\Class Files\ExampleRVT.rvt
6/13/2019 12:04:58 PM,Digital,Dan Tartaglia,COL-L19-796LTN2,Wi-Fi Enabled?,Red,Yes,Autodesk Revit 2019,C:\Users\dtartaglia\Documents\Dans-stuff\Conferences\Digital Built Week\2019\Revit API Events\Class Files\ExampleRVT.rvt
6/13/2019 12:08:08 PM,Digital,Dan Tartaglia,COL-L19-796LTN2,Wi-Fi Enabled?,Red,Yes,Autodesk Revit 2019,C:\Users\dtartaglia\Documents\Dans-stuff\Conferences\Digital Built Week\2019\Revit API Events\Class Files\ExampleRVT.rvt
6/13/2019 12:08:08 PM,Digital,Dan Tartaglia,COL-L19-796LTN2,Opened Central File?,Red,Yes,Autodesk Revit 2019,C:\Users\dtartaglia\Documents\Dans-stuff\Conferences\Digital Built Week\2019\Revit API Events\Class Files\ExampleRVT.rvt
6/13/2019 12:12:40 PM,Digital,Dan Tartaglia,COL-L19-796LTN2,Wi-Fi Enabled?,Red,Yes,Autodesk Revit 2019,C:\Users\dtartaglia\Documents\Dans-stuff\Conferences\Digital Built Week\2019\Revit API Events\Class Files\ExampleRVT.rvt
6/13/2019 12:12:40 PM,Digital,Dan Tartaglia,COL-L19-796LTN2,Opened Central File?,Red,Yes,Autodesk Revit 2019,C:\Users\dtartaglia\Documents\Dans-stuff\Conferences\Digital Built Week\2019\Revit API Events\Class Files\ExampleRVT.rvt
6/13/2019 12:13:36 PM,Digital,Dan Tartaglia,COL-L19-796LTN2,Wi-Fi Enabled?,Red,Yes,Autodesk Revit 2019,C:\Users\dtartaglia\Documents\Dans-stuff\Conferences\Digital Built Week\2019\Revit API Events\Class Files\ExampleRVT.rvt
6/13/2019 12:28:55 PM,Digital,Dan Tartaglia,COL-L19-796LTN2,Wi-Fi Enabled?,Red,Yes,Autodesk Revit 2019,C:\Users\dtartaglia\Documents\Dans-stuff\Conferences\Digital Built Week\2019\Revit API Events\Class Files\ExampleRVT.rvt
6/13/2019 12:28:55 PM,Digital,Dan Tartaglia,COL-L19-796LTN2,Opened Central File?,Red,Yes,Autodesk Revit 2019,C:\Users\dtartaglia\Documents\Dans-stuff\Conferences\Digital Built Week\2019\Revit API Events\Class Files\ExampleRVT.rvt
6/15/2019 12:57:05 PM,Digital,Dan Tartaglia,COL-L19-796LTN2,Wi-Fi Enabled?,Red,Yes,Autodesk Revit 2019,C:\Users\dtartaglia\Documents\Dans-stuff\Conferences\Digital Built Week\2019\Revit API Events\Class Files\ExampleRVT.rvt
6/17/2019 10:44:31 AM,Digital,Dan Tartaglia,COL-L19-796LTN2,Wi-Fi Enabled?,Red,Yes,Autodesk Revit 2019,C:\Users\dtartaglia\Documents\Dans-stuff\Conferences\Digital Built Week\2019\Revit API Events\Class Files\ExampleRVT.rvt
6/19/2019 2:29:48 PM,Digital,Dan Tartaglia,COL-L19-796LTN2,Wi-Fi Enabled?,Red,Yes,Autodesk Revit 2019,C:\Users\dtartaglia\Documents\Dans-stuff\Conferences\Digital Built Week\2019\Revit API Events\Class Files\ExampleRVT.rvt
6/19/2019 2:29:48 PM,Digital,Dan Tartaglia,COL-L19-796LTN2,Opened Central File?,Red,Yes,Autodesk Revit 2019,C:\Users\dtartaglia\Documents\Dans-stuff\Conferences\Digital Built Week\2019\Revit API Events\Class Files\ExampleRVT.rvt
6/20/2019 10:53:49 AM,Digital,Dan Tartaglia,COL-L19-796LTN2,Wi-Fi Enabled?,Red,Yes,Autodesk Revit 2019,C:\Users\dtartaglia\Documents\Dans-stuff\Conferences\Digital Built Week\2019\Revit API Events\Class Files\ExampleRVT.rvt
6/21/2019 10:11:58 AM,Digital,Dan Tartaglia,COL-L19-796LTN2,Wi-Fi Enabled?,Red,Yes,Autodesk Revit 2019,C:\Users\dtartaglia\Documents\Dans-stuff\Conferences\Digital Built Week\2019\Revit API Events\Class Files\ExampleRVT.rvt
6/21/2019 10:11:58 AM,Digital,Dan Tartaglia,COL-L19-796LTN2,Opened Central File?,Red,Yes,Autodesk Revit 2019,C:\Users\dtartaglia\Documents\Dans-stuff\Conferences\Digital Built Week\2019\Revit API Events\Class Files\ExampleRVT.rvt
7/11/2019 10:16:52 AM,Digital,Dan Tartaglia,COL-L19-796LTN2,Wi-Fi Enabled?,Red,Yes,Autodesk Revit 2019,C:\Users\dtartaglia\Documents\Dans-stuff\Conferences\Digital Built Week\2019\Revit API Events\Class Files\ExampleRVT.rvt
7/11/2019 10:16:52 AM,Digital,Dan Tartaglia,COL-L19-796LTN2,Opened Central File?,Red,Yes,Autodesk Revit 2019,C:\Users\dtartaglia\Documents\Dans-stuff\Conferences\Digital Built Week\2019\Revit API Events\Class Files\ExampleRVT.rvt
7/12/2019 4:56:05 PM,Digital,Dan Tartaglia,COL-L19-796LTN2,Wi-Fi Enabled?,Red,Yes,Autodesk Revit 2019,C:\Users\dtartaglia\Documents\Dans-stuff\Conferences\Digital Built Week\2019\Revit API Events\Class Files\ExampleRVT.rvt
