﻿<?xml version="1.0" encoding="utf-8"?>
<Users>
  <DanTartaglia>
    <Email>dtartaglia@nbbj.com</Email>
    <Studio1>ADM00</Studio1>
    <Studio2>BOS01</Studio2>
    <Studio3>COL55</Studio3>
    <Studio4>LAP99</Studio4>
    <Studio5>LAX01</Studio5>
    <Studio6>LON01</Studio6>
    <Studio7>NYCCC</Studio7>
    <Studio8>NYCH1</Studio8>
    <Studio9>SFO01</Studio9>
    <Studio10>GRA07</Studio10>
    <Studio11>SEA09</Studio11>
    <Studio12>SEA31</Studio12>
    <Studio13>SEA41</Studio13>
    <Studio14>HCC01</Studio14>
    <Studio15>SEAHC</Studio15>
    <Studio16>SHA01</Studio16>
    <Issue1>1</Issue1>
    <Issue2>1</Issue2>
    <Issue3>1</Issue3>
    <Issue4>1</Issue4>
    <Issue5>1</Issue5>
    <Issue6>1</Issue6>
  </DanTartaglia>
</Users>